[
  {"model":"app_workout.cardioroutine","pk":1,"fields":{"name":"5K Prep"}},
  {"model":"app_workout.cardioroutine","pk":2,"fields":{"name":"Sprints"}},
  {"model":"app_workout.cardioroutine","pk":3,"fields":{"name":"Rest"}},

  {"model":"app_workout.unittype","pk":1,"fields":{"name":"Time"}},
  {"model":"app_workout.unittype","pk":2,"fields":{"name":"Distance"}},

  {"model":"app_workout.speedname","pk":1,"fields":{"name":"MPH","speed_type":"distance/time"}},
  {"model":"app_workout.speedname","pk":2,"fields":{"name":"500 Meters","speed_type":"time/distance"}},
  {"model":"app_workout.speedname","pk":3,"fields":{"name":"500 Yards","speed_type":"time/distance"}},

  {"model":"app_workout.cardiounit","pk":1,"fields":{"name":"Miles","unit_type":2,"mround_numerator":1,"mround_denominator":100,"speed_name":1,"mile_equiv_numerator":"1.000","mile_equiv_denominator":"1.000"}},
  {"model":"app_workout.cardiounit","pk":2,"fields":{"name":"400m Intervals","unit_type":2,"mround_numerator":1,"mround_denominator":1,"speed_name":1,"mile_equiv_numerator":"400.000","mile_equiv_denominator":"1609.344"}},
  {"model":"app_workout.cardiounit","pk":3,"fields":{"name":"200m Intervals","unit_type":2,"mround_numerator":1,"mround_denominator":1,"speed_name":1,"mile_equiv_numerator":"200.000","mile_equiv_denominator":"1609.344"}},
  {"model":"app_workout.cardiounit","pk":4,"fields":{"name":"800m Intervals","unit_type":2,"mround_numerator":1,"mround_denominator":1,"speed_name":1,"mile_equiv_numerator":"800.000","mile_equiv_denominator":"1609.344"}},
  {"model":"app_workout.cardiounit","pk":5,"fields":{"name":"Minutes","unit_type":1,"mround_numerator":1,"mround_denominator":6000,"speed_name":1,"mile_equiv_numerator":"10.000","mile_equiv_denominator":"1.000"}},
  {"model":"app_workout.cardiounit","pk":6,"fields":{"name":"Meters","unit_type":2,"mround_numerator":1,"mround_denominator":1,"speed_name":2,"mile_equiv_numerator":"1609.344","mile_equiv_denominator":"1.000"}},
  {"model":"app_workout.cardiounit","pk":7,"fields":{"name":"Yards","unit_type":2,"mround_numerator":1,"mround_denominator":1,"speed_name":3,"mile_equiv_numerator":"1760.000","mile_equiv_denominator":"1.000"}},

  {"model":"app_workout.cardioworkout","pk":1,"fields":{"name":"Mi Run","routine":1,"unit":1,"priority_order":1,"skip":false,"difficulty":5}},
  {"model":"app_workout.cardioworkout","pk":2,"fields":{"name":"Tempo","routine":1,"unit":5,"priority_order":2,"skip":false,"difficulty":6}},
  {"model":"app_workout.cardioworkout","pk":3,"fields":{"name":"Fast","routine":1,"unit":1,"priority_order":3,"skip":false,"difficulty":7}},
  {"model":"app_workout.cardioworkout","pk":4,"fields":{"name":"Min Run","routine":1,"unit":5,"priority_order":4,"skip":true,"difficulty":8}},
  {"model":"app_workout.cardioworkout","pk":5,"fields":{"name":"x400","routine":2,"unit":2,"priority_order":1,"skip":false,"difficulty":3}},
  {"model":"app_workout.cardioworkout","pk":6,"fields":{"name":"x200","routine":2,"unit":3,"priority_order":2,"skip":false,"difficulty":2}},
  {"model":"app_workout.cardioworkout","pk":7,"fields":{"name":"x800","routine":2,"unit":4,"priority_order":3,"skip":false,"difficulty":4}},
  {"model":"app_workout.cardioworkout","pk":8,"fields":{"name":"Rest","routine":3,"unit":5,"priority_order":1,"skip":false,"difficulty":1}},

  {"model":"app_workout.cardioprogression","pk":1,"fields":{"workout":1,"progression_order":1,"progression":"3.00"}},
  {"model":"app_workout.cardioprogression","pk":2,"fields":{"workout":1,"progression_order":2,"progression":"3.05"}},
  {"model":"app_workout.cardioprogression","pk":3,"fields":{"workout":1,"progression_order":3,"progression":"3.10"}},
  {"model":"app_workout.cardioprogression","pk":4,"fields":{"workout":1,"progression_order":4,"progression":"3.15"}},
  {"model":"app_workout.cardioprogression","pk":5,"fields":{"workout":1,"progression_order":5,"progression":"3.20"}},
  {"model":"app_workout.cardioprogression","pk":6,"fields":{"workout":1,"progression_order":6,"progression":"3.25"}},

  {"model":"app_workout.cardioprogression","pk":7,"fields":{"workout":6,"progression_order":1,"progression":"8"}},
  {"model":"app_workout.cardioprogression","pk":8,"fields":{"workout":6,"progression_order":2,"progression":"9"}},
  {"model":"app_workout.cardioprogression","pk":9,"fields":{"workout":6,"progression_order":3,"progression":"10"}},

  {"model":"app_workout.cardioprogression","pk":10,"fields":{"workout":5,"progression_order":1,"progression":"5"}},
  {"model":"app_workout.cardioprogression","pk":11,"fields":{"workout":5,"progression_order":2,"progression":"6"}},
  {"model":"app_workout.cardioprogression","pk":12,"fields":{"workout":5,"progression_order":3,"progression":"7"}},
  {"model":"app_workout.cardioprogression","pk":13,"fields":{"workout":5,"progression_order":4,"progression":"8"}},

  {"model":"app_workout.cardioprogression","pk":14,"fields":{"workout":7,"progression_order":1,"progression":"3"}},
  {"model":"app_workout.cardioprogression","pk":15,"fields":{"workout":7,"progression_order":2,"progression":"4"}},
  {"model":"app_workout.cardioprogression","pk":16,"fields":{"workout":7,"progression_order":3,"progression":"5"}},

  {"model":"app_workout.cardioprogression","pk":17,"fields":{"workout":2,"progression_order":1,"progression":"30"}},
  {"model":"app_workout.cardioprogression","pk":18,"fields":{"workout":2,"progression_order":2,"progression":"30"}},
  {"model":"app_workout.cardioprogression","pk":19,"fields":{"workout":2,"progression_order":3,"progression":"35"}},
  {"model":"app_workout.cardioprogression","pk":20,"fields":{"workout":2,"progression_order":4,"progression":"35"}},
  {"model":"app_workout.cardioprogression","pk":21,"fields":{"workout":2,"progression_order":5,"progression":"40"}},
  {"model":"app_workout.cardioprogression","pk":22,"fields":{"workout":2,"progression_order":6,"progression":"40"}},
  {"model":"app_workout.cardioprogression","pk":23,"fields":{"workout":2,"progression_order":7,"progression":"45"}},

  {"model":"app_workout.cardioprogression","pk":24,"fields":{"workout":3,"progression_order":1,"progression":"4"}},
  {"model":"app_workout.cardioprogression","pk":25,"fields":{"workout":3,"progression_order":2,"progression":"4.25"}},
  {"model":"app_workout.cardioprogression","pk":26,"fields":{"workout":3,"progression_order":3,"progression":"5"}},
  {"model":"app_workout.cardioprogression","pk":27,"fields":{"workout":3,"progression_order":4,"progression":"5.25"}},
  {"model":"app_workout.cardioprogression","pk":28,"fields":{"workout":3,"progression_order":5,"progression":"6"}},
  {"model":"app_workout.cardioprogression","pk":29,"fields":{"workout":3,"progression_order":6,"progression":"6.25"}},

  {"model":"app_workout.cardioprogression","pk":30,"fields":{"workout":4,"progression_order":1,"progression":"60"}},
  {"model":"app_workout.cardioprogression","pk":31,"fields":{"workout":4,"progression_order":2,"progression":"65"}},
  {"model":"app_workout.cardioprogression","pk":32,"fields":{"workout":4,"progression_order":3,"progression":"70"}},
  {"model":"app_workout.cardioprogression","pk":33,"fields":{"workout":4,"progression_order":4,"progression":"75"}},
  {"model":"app_workout.cardioprogression","pk":34,"fields":{"workout":4,"progression_order":5,"progression":"85"}},
  {"model":"app_workout.cardioprogression","pk":35,"fields":{"workout":4,"progression_order":6,"progression":"90"}},

  {"model":"app_workout.cardioexercise","pk":1,"fields":{"name":"Run","unit":1,"three_mile_equivalent":"3.00"}},
  {"model":"app_workout.cardioexercise","pk":2,"fields":{"name":"Swim","unit":7,"three_mile_equivalent":"1320.00"}},
  {"model":"app_workout.cardioexercise","pk":3,"fields":{"name":"Row","unit":6,"three_mile_equivalent":"5000.00"}},
  {"model":"app_workout.cardioexercise","pk":4,"fields":{"name":"Bike","unit":1,"three_mile_equivalent":"10.30"}},

  {"model":"app_workout.program","pk":1,"fields":{"name":"PFT","selected":false}},
  {"model":"app_workout.program","pk":2,"fields":{"name":"CFT","selected":false}},
  {"model":"app_workout.program","pk":3,"fields":{"name":"HFT","selected":true}},

  {"model":"app_workout.cardioplan","pk":1,"fields":{"program":1,"routine":1,"routine_order":1}},
  {"model":"app_workout.cardioplan","pk":2,"fields":{"program":1,"routine":2,"routine_order":2}},
  {"model":"app_workout.cardioplan","pk":3,"fields":{"program":1,"routine":3,"routine_order":3}},
  {"model":"app_workout.cardioplan","pk":4,"fields":{"program":1,"routine":1,"routine_order":4}},
  {"model":"app_workout.cardioplan","pk":5,"fields":{"program":1,"routine":3,"routine_order":5}},
  {"model":"app_workout.cardioplan","pk":6,"fields":{"program":1,"routine":1,"routine_order":6}},
  {"model":"app_workout.cardioplan","pk":7,"fields":{"program":1,"routine":1,"routine_order":7}},

  {"model":"app_workout.cardioplan","pk":8,"fields":{"program":2,"routine":2,"routine_order":1}},
  {"model":"app_workout.cardioplan","pk":9,"fields":{"program":2,"routine":1,"routine_order":2}},
  {"model":"app_workout.cardioplan","pk":10,"fields":{"program":2,"routine":3,"routine_order":3}},
  {"model":"app_workout.cardioplan","pk":11,"fields":{"program":2,"routine":2,"routine_order":4}},
  {"model":"app_workout.cardioplan","pk":12,"fields":{"program":2,"routine":3,"routine_order":5}},
  {"model":"app_workout.cardioplan","pk":13,"fields":{"program":2,"routine":2,"routine_order":6}},
  {"model":"app_workout.cardioplan","pk":14,"fields":{"program":2,"routine":1,"routine_order":7}},

  {"model":"app_workout.cardioplan","pk":15,"fields":{"program":3,"routine":1,"routine_order":1}},
  {"model":"app_workout.cardioplan","pk":16,"fields":{"program":3,"routine":2,"routine_order":2}},
  {"model":"app_workout.cardioplan","pk":17,"fields":{"program":3,"routine":3,"routine_order":3}},
  {"model":"app_workout.cardioplan","pk":18,"fields":{"program":3,"routine":1,"routine_order":4}},
  {"model":"app_workout.cardioplan","pk":19,"fields":{"program":3,"routine":3,"routine_order":5}},
  {"model":"app_workout.cardioplan","pk":20,"fields":{"program":3,"routine":1,"routine_order":6}},
  {"model":"app_workout.cardioplan","pk":21,"fields":{"program":3,"routine":2,"routine_order":7}},

  {"model":"app_workout.strengthroutine","pk":1,"fields":{"name":"Pull","hundred_points_reps":23,"hundred_points_weight":186}},
  {"model":"app_workout.strengthroutine","pk":2,"fields":{"name":"Push","hundred_points_reps":120,"hundred_points_weight":30}},

  {"model":"app_workout.pullprogression","pk":1,"fields":{"current_max":1,"training_set":1,"daily_volume":30,"weekly_volume":90}},
  {"model":"app_workout.pullprogression","pk":2,"fields":{"current_max":5,"training_set":1,"daily_volume":60,"weekly_volume":180}},
  {"model":"app_workout.pullprogression","pk":3,"fields":{"current_max":6,"training_set":2,"daily_volume":40,"weekly_volume":120}},
  {"model":"app_workout.pullprogression","pk":4,"fields":{"current_max":8,"training_set":2,"daily_volume":70,"weekly_volume":210}},
  {"model":"app_workout.pullprogression","pk":5,"fields":{"current_max":9,"training_set":3,"daily_volume":50,"weekly_volume":150}},
  {"model":"app_workout.pullprogression","pk":6,"fields":{"current_max":12,"training_set":3,"daily_volume":80,"weekly_volume":240}},
  {"model":"app_workout.pullprogression","pk":7,"fields":{"current_max":13,"training_set":4,"daily_volume":60,"weekly_volume":180}},
  {"model":"app_workout.pullprogression","pk":8,"fields":{"current_max":16,"training_set":4,"daily_volume":90,"weekly_volume":270}},
  {"model":"app_workout.pullprogression","pk":9,"fields":{"current_max":17,"training_set":5,"daily_volume":75,"weekly_volume":225}},
  {"model":"app_workout.pullprogression","pk":10,"fields":{"current_max":20,"training_set":5,"daily_volume":120,"weekly_volume":360}},
  {"model":"app_workout.pullprogression","pk":11,"fields":{"current_max":21,"training_set":6,"daily_volume":100,"weekly_volume":300}},
  {"model":"app_workout.pullprogression","pk":12,"fields":{"current_max":24,"training_set":6,"daily_volume":175,"weekly_volume":525}},
  {"model":"app_workout.pullprogression","pk":13,"fields":{"current_max":25,"training_set":7,"daily_volume":150,"weekly_volume":450}},

  {"model":"app_workout.strengthplan","pk":1,"fields":{"routine":1,"program":1}},
  {"model":"app_workout.strengthplan","pk":2,"fields":{"routine":1,"program":1}},
  {"model":"app_workout.strengthplan","pk":3,"fields":{"routine":2,"program":1}},
  {"model":"app_workout.strengthplan","pk":4,"fields":{"routine":2,"program":2}},
  {"model":"app_workout.strengthplan","pk":5,"fields":{"routine":2,"program":2}},
  {"model":"app_workout.strengthplan","pk":6,"fields":{"routine":1,"program":2}},
  {"model":"app_workout.strengthplan","pk":7,"fields":{"routine":1,"program":3}},
  {"model":"app_workout.strengthplan","pk":8,"fields":{"routine":1,"program":3}},
  {"model":"app_workout.strengthplan","pk":9,"fields":{"routine":2,"program":3}},
  {"model":"app_workout.strengthplan","pk":10,"fields":{"routine":2,"program":3}},

  {"model":"app_workout.strengthexercise","pk":1,"fields":{"name":"Pull Ups","routine":1}},
  {"model":"app_workout.strengthexercise","pk":2,"fields":{"name":"Chin Ups","routine":1}},
  {"model":"app_workout.strengthexercise","pk":3,"fields":{"name":"Static Row","routine":1}},
  {"model":"app_workout.strengthexercise","pk":4,"fields":{"name":"Lat Pull Downs","routine":1}},
  {"model":"app_workout.strengthexercise","pk":5,"fields":{"name":"Ammo Can Lift","routine":2}},
  {"model":"app_workout.strengthexercise","pk":6,"fields":{"name":"Overhead Press","routine":2}},
  {"model":"app_workout.strengthexercise","pk":7,"fields":{"name":"Push Ups","routine":2}},
  {"model":"app_workout.strengthexercise","pk":8,"fields":{"name":"Bench Press","routine":2}},

  {"model":"app_workout.supplementalroutine","pk":1,"fields":{"name":"Plank","unit":"Time"}},
  {"model":"app_workout.supplementalroutine","pk":2,"fields":{"name":"Squat","unit":"Reps"}},

  {"model":"app_workout.supplementalworkout","pk":1,"fields":{"name":"3 Max Sets"}},
  {"model":"app_workout.supplementalworkout","pk":2,"fields":{"name":"Pyramid Day"}},
  {"model":"app_workout.supplementalworkout","pk":3,"fields":{"name":"Training Sets"}},
  {"model":"app_workout.supplementalworkout","pk":4,"fields":{"name":"Deload"}},
  {"model":"app_workout.supplementalworkout","pk":5,"fields":{"name":"Max"}},

  {"model":"app_workout.supplementalworkoutdescription","pk":1,"fields":{"routine":1,"workout":1,"description":"Do three maximum effort sets. Rest 60-90 seconds between each set. As soon as you stop (even for one second), that set is complete.","goal_metric":"Max Unit"}},
  {"model":"app_workout.supplementalworkoutdescription","pk":2,"fields":{"routine":1,"workout":2,"description":"Pyramid day. Begin with 20 seconds. Each consecutive set should increase by ten until you can not complete the required amount without pausing. Then do a maximum effort set. Rest 1 second per second of the previous set.","goal_metric":"Max Unit"}},
  {"model":"app_workout.supplementalworkoutdescription","pk":3,"fields":{"routine":1,"workout":3,"description":"A training set is 40 seconds. Do the maximum number of training sets that you can accomplish. Rest 60 seconds between each set. You do training sets until you fail to do a perfect training set.","goal_metric":"Max Sets"}},
  {"model":"app_workout.supplementalworkoutdescription","pk":4,"fields":{"routine":1,"workout":4,"description":"Do a 1:50 minute plank (without stopping if you can). Rest for 60 seconds. Do a 1:10 minute plank. Rest for 45 seconds. Do a 0:50 plank. Rest for 30 seconds. Do a maximum effort set.","goal_metric":"Max Unit"}},
  {"model":"app_workout.supplementalworkoutdescription","pk":5,"fields":{"routine":1,"workout":5,"description":"Plank for 3:45 (without stopping if you can). Rest for 90 seconds and do a maximum effort set.","goal_metric":"Max Unit"}},

  {"model":"app_workout.supplementalworkoutdescription","pk":6,"fields":{"routine":2,"workout":1,"description":"Do three maximum effort sets. Rest 60-90 seconds between each set. As soon as you stop (even for one second), that set is complete.","goal_metric":"Max Unit"}},
  {"model":"app_workout.supplementalworkoutdescription","pk":7,"fields":{"routine":2,"workout":2,"description":"Pyramid day. Begin with 20 repetitions. Each consecutive set should increase by ten until you can not complete the required amount without pausing. Then do a maximum effort set. Rest 1 second per rep of the previous set.","goal_metric":"Max Unit"}},
  {"model":"app_workout.supplementalworkoutdescription","pk":8,"fields":{"routine":2,"workout":3,"description":"Do five 20-second sets. If you have to pause between repetitions, that is ok for this day's workout. However, do as many as you can in each 20-second set. Rest 25 seconds between each set.","goal_metric":"Max Unit"}},
  {"model":"app_workout.supplementalworkoutdescription","pk":9,"fields":{"routine":2,"workout":4,"description":"Do 50 repetitions as fast as possible (without stopping if you can). Rest for 60 seconds. Do 30 repetitions as fast as possible. Rest for 45 seconds. Do 20 repetitions as fast as possible. Rest for 30 seconds. Do a maximum effort set.","goal_metric":"Max Unit"}},
  {"model":"app_workout.supplementalworkoutdescription","pk":10,"fields":{"routine":2,"workout":5,"description":"Do as many squats as possible in 2 minutes. Rest for 90 seconds and do a maximum effort set.","goal_metric":"Max Unit"}},

  {"model":"app_workout.supplementalplan","pk":1,"fields":{"routine":1,"program":1}},
  {"model":"app_workout.supplementalplan","pk":2,"fields":{"routine":2,"program":2}},
  {"model":"app_workout.supplementalplan","pk":3,"fields":{"routine":1,"program":3}},
  {"model":"app_workout.supplementalplan","pk":4,"fields":{"routine":2,"program":3}}
]
